Area,Category,Item,Description,Date,Orders,Type of Order
"Улица Шевченко, 85а",Sides,Black Hole Fries,Fries with a dark garlic truffle sauce.,2023-02-27,136,Dining
"Мамыр-4 микрорайон, 197",Drinks,Health Potion Smoothie,A blend of red fruits with a secret energy mix.,2022-01-28,141,Dining
"ТРК MEGA Park Улица Макатаева, 127/1 3 этаж",Sides,Supernova Sweet Potato Fries,Sweet and spicy sweet potato fries with starlight mayo.,2021-12-14,153,Takeaway
"ТРК MEGA Park Улица Макатаева, 127/1 3 этаж",Burgers,Epic Stack,"A double beef patty with epic layers of crispy bacon, melted cheddar, and our secret Epic Sauce.",2023-03-03,23,Takeaway
"Микрорайон Аксай 2, 8а",Burgers,Retro Reuben,"Corned beef, sauerkraut, Swiss cheese, and thousand island dressing on a rye bun.",2023-07-01,119,Takeaway
"ТРК MEGA Park Улица Макатаева, 127/1 3 этаж",Desserts,Cheat Code Cookies,Cookies with chocolate chips and candies.,2021-11-12,166,Takeaway
"ТРК MEGA Park Улица Макатаева, 127/1 3 этаж",Sides,Cosmic Rings,Onion rings with cosmic seasoning and intergalactic sauce.,2022-05-09,40,Takeaway
"Микрорайон Аксай 2, 8а",Desserts,Save Point Sundae,"Ice cream, hot fudge, and sprinkles with a cherry on top.",2023-07-05,159,Takeaway
"Улица Минина, 14/1",Drinks,Mana Milkshake,A blueberry milkshake that restores your energy.,2022-05-05,6,Dining
"ТРК MEGA Park Улица Макатаева, 127/1 3 этаж",Sides,Supernova Sweet Potato Fries,Sweet and spicy sweet potato fries with starlight mayo.,2023-09-06,145,Online
"ТРК MEGA Park Улица Макатаева, 127/1 3 этаж",Sides,Black Hole Fries,Fries with a dark garlic truffle sauce.,2022-01-05,200,Online
"Микрорайон Аксай 2, 8а",Desserts,Save Point Sundae,"Ice cream, hot fudge, and sprinkles with a cherry on top.",2022-05-17,153,Online
"Улица Шевченко, 85а",Sides,Byte-Size Tots,Crispy tater tots with cheat-code cheese sauce.,2022-09-24,7,Online
"Микрорайон Аксай 2, 8а",Burgers,Stealth Mode Mushroom,A grilled portobello cap with smoked gouda and garlic aioli.,2022-03-01,30,Dining
"ТРК MEGA Park Улица Макатаева, 127/1 3 этаж",Desserts,Save Point Sundae,"Ice cream, hot fudge, and sprinkles with a cherry on top.",2021-11-06,103,Takeaway
"Улица Шевченко, 85а",Burgers,Pixel Pepperjack,"A spicy beef burger with pepperjack cheese, jalapeños, and pixelated salsa.",2022-11-20,187,Takeaway
"ТРК MEGA Park Улица Макатаева, 127/1 3 этаж",Sides,Power-Up Fries,Seasoned fries with power-up dips.,2023-03-06,197,Dining
"Мамыр-4 микрорайон, 197",Sides,Supernova Sweet Potato Fries,Sweet and spicy sweet potato fries with starlight mayo.,2022-06-04,141,Dining
"Мамыр-4 микрорайон, 197",Desserts,Cheat Code Cookies,Cookies with chocolate chips and candies.,2022-04-04,64,Takeaway
"Микрорайон Аксай 2, 8а",Burgers,Next Level Veggie,"A plant-based patty with grilled eggplant, zucchini, goat cheese, and green herb sauce.",2021-12-10,173,Online
"ТРК MEGA Park Улица Макатаева, 127/1 3 этаж",Drinks,Mana Milkshake,A blueberry milkshake that restores your energy.,2023-01-01,193,Dining
"Улица Минина, 14/1",Desserts,Power Pellet Pops,Fruit-infused ice pops.,2023-04-04,48,Takeaway
"Улица Шевченко, 85а",Drinks,Health Potion Smoothie,A blend of red fruits with a secret energy mix.,2023-08-30,164,Dining
"Улица Минина, 14/1",Desserts,Cheat Code Cookies,Cookies with chocolate chips and candies.,2022-07-22,71,Takeaway
"Мамыр-4 микрорайон, 197",Sides,Byte-Size Tots,Crispy tater tots with cheat-code cheese sauce.,2023-10-02,2,Dining
"Улица Минина, 14/1",Sides,Supernova Sweet Potato Fries,Sweet and spicy sweet potato fries with starlight mayo.,2022-04-01,121,Takeaway
"Улица Шевченко, 85а",Drinks,XP Soda,A range of sodas in multiple epic flavors.,2023-10-20,155,Online
"Мамыр-4 микрорайон, 197",Sides,Quantum Fries,Seasoned fries with a secret spice blend.,2022-02-02,21,Takeaway
"Улица Минина, 14/1",Burgers,Next Level Veggie,"A plant-based patty with grilled eggplant, zucchini, goat cheese, and green herb sauce.",2023-04-03,173,Dining
"Мамыр-4 микрорайон, 197",Burgers,Next Level Veggie,"A plant-based patty with grilled eggplant, zucchini, goat cheese, and green herb sauce.",2022-12-01,179,Online
"Микрорайон Аксай 2, 8а",Burgers,Stealth Mode Mushroom,A grilled portobello cap with smoked gouda and garlic aioli.,2022-05-23,189,Dining
"Микрорайон Аксай 2, 8а",Desserts,Power Pellet Pops,Fruit-infused ice pops.,2023-01-04,112,Dining
"Улица Минина, 14/1",Burgers,Next Level Veggie,"A plant-based patty with grilled eggplant, zucchini, goat cheese, and green herb sauce.",2023-07-01,76,Online
"ТРК MEGA Park Улица Макатаева, 127/1 3 этаж",Desserts,Cheat Code Cookies,Cookies with chocolate chips and candies.,2023-07-22,94,Takeaway
"ТРК MEGA Park Улица Макатаева, 127/1 3 этаж",Desserts,Save Point Sundae,"Ice cream, hot fudge, and sprinkles with a cherry on top.",2022-08-07,22,Online
"Микрорайон Аксай 2, 8а",Burgers,Pixel Pepperjack,"A spicy beef burger with pepperjack cheese, jalapeños, and pixelated salsa.",2022-04-06,12,Online
"ТРК MEGA Park Улица Макатаева, 127/1 3 этаж",Desserts,Save Point Sundae,"Ice cream, hot fudge, and sprinkles with a cherry on top.",2022-02-26,119,Online
"Мамыр-4 микрорайон, 197",Burgers,Retro Reuben,"Corned beef, sauerkraut, Swiss cheese, and thousand island dressing on a rye bun.",2022-10-21,117,Online
"Микрорайон Аксай 2, 8а",Desserts,Cheat Code Cookies,Cookies with chocolate chips and candies.,2022-01-02,9,Dining
"Улица Шевченко, 85а",Desserts,Power Pellet Pops,Fruit-infused ice pops.,2022-10-16,112,Dining
"Мамыр-4 микрорайон, 197",Sides,Power-Up Fries,Seasoned fries with power-up dips.,2022-04-11,35,Dining
"Улица Шевченко, 85а",Burgers,Next Level Veggie,"A plant-based patty with grilled eggplant, zucchini, goat cheese, and green herb sauce.",2022-08-08,31,Takeaway
"Улица Шевченко, 85а",Desserts,Cheat Code Cookies,Cookies with chocolate chips and candies.,2022-07-04,82,Online
"ТРК MEGA Park Улица Макатаева, 127/1 3 этаж",Desserts,Save Point Sundae,"Ice cream, hot fudge, and sprinkles with a cherry on top.",2022-09-24,109,Online
"Улица Шевченко, 85а",Burgers,Retro Reuben,"Corned beef, sauerkraut, Swiss cheese, and thousand island dressing on a rye bun.",2022-08-18,33,Dining
"ТРК MEGA Park Улица Макатаева, 127/1 3 этаж",Burgers,Next Level Veggie,"A plant-based patty with grilled eggplant, zucchini, goat cheese, and green herb sauce.",2021-12-06,61,Online
"Мамыр-4 микрорайон, 197",Sides,Black Hole Fries,Fries with a dark garlic truffle sauce.,2023-04-08,168,Online
"Мамыр-4 микрорайон, 197",Sides,Byte-Size Tots,Crispy tater tots with cheat-code cheese sauce.,2023-08-21,29,Takeaway
"Мамыр-4 микрорайон, 197",Burgers,Epic Stack,"A double beef patty with epic layers of crispy bacon, melted cheddar, and our secret Epic Sauce.",2023-02-17,181,Takeaway
"ТРК MEGA Park Улица Макатаева, 127/1 3 этаж",Desserts,Power Pellet Pops,Fruit-infused ice pops.,2022-03-12,98,Dining
"Улица Шевченко, 85а",Desserts,Save Point Sundae,"Ice cream, hot fudge, and sprinkles with a cherry on top.",2023-01-05,187,Takeaway
"ТРК MEGA Park Улица Макатаева, 127/1 3 этаж",Drinks,Health Potion Smoothie,A blend of red fruits with a secret energy mix.,2023-09-07,7,Online
"Улица Минина, 14/1",Desserts,Cheat Code Cookies,Cookies with chocolate chips and candies.,2021-11-21,104,Dining
"ТРК MEGA Park Улица Макатаева, 127/1 3 этаж",Sides,Byte-Size Tots,Crispy tater tots with cheat-code cheese sauce.,2022-08-16,64,Online
"ТРК MEGA Park Улица Макатаева, 127/1 3 этаж",Desserts,Save Point Sundae,"Ice cream, hot fudge, and sprinkles with a cherry on top.",2022-02-03,148,Takeaway
"ТРК MEGA Park Улица Макатаева, 127/1 3 этаж",Sides,Supernova Sweet Potato Fries,Sweet and spicy sweet potato fries with starlight mayo.,2023-09-25,124,Takeaway
"ТРК MEGA Park Улица Макатаева, 127/1 3 этаж",Drinks,Health Potion Smoothie,A blend of red fruits with a secret energy mix.,2022-12-23,165,Online
"Улица Минина, 14/1",Drinks,Mana Milkshake,A blueberry milkshake that restores your energy.,2022-07-09,196,Online
"Улица Минина, 14/1",Drinks,Health Potion Smoothie,A blend of red fruits with a secret energy mix.,2023-04-17,4,Online
"ТРК MEGA Park Улица Макатаева, 127/1 3 этаж",Desserts,Power Pellet Pops,Fruit-infused ice pops.,2023-02-21,145,Online
"Мамыр-4 микрорайон, 197",Desserts,Save Point Sundae,"Ice cream, hot fudge, and sprinkles with a cherry on top.",2022-06-09,148,Takeaway
"Мамыр-4 микрорайон, 197",Drinks,XP Soda,A range of sodas in multiple epic flavors.,2022-10-27,32,Takeaway
"Мамыр-4 микрорайон, 197",Drinks,XP Soda,A range of sodas in multiple epic flavors.,2023-03-11,122,Takeaway
"Микрорайон Аксай 2, 8а",Sides,Quantum Fries,Seasoned fries with a secret spice blend.,2023-02-07,132,Online
"Улица Минина, 14/1",Burgers,Epic Stack,"A double beef patty with epic layers of crispy bacon, melted cheddar, and our secret Epic Sauce.",2023-02-13,66,Dining
"Мамыр-4 микрорайон, 197",Burgers,Epic Stack,"A double beef patty with epic layers of crispy bacon, melted cheddar, and our secret Epic Sauce.",2023-01-07,65,Takeaway
"Улица Минина, 14/1",Burgers,Epic Stack,"A double beef patty with epic layers of crispy bacon, melted cheddar, and our secret Epic Sauce.",2022-06-24,86,Takeaway
"ТРК MEGA Park Улица Макатаева, 127/1 3 этаж",Burgers,Pixel Pepperjack,"A spicy beef burger with pepperjack cheese, jalapeños, and pixelated salsa.",2023-08-21,130,Online
"Микрорайон Аксай 2, 8а",Burgers,Next Level Veggie,"A plant-based patty with grilled eggplant, zucchini, goat cheese, and green herb sauce.",2023-04-08,108,Online
"Микрорайон Аксай 2, 8а",Burgers,Epic Stack,"A double beef patty with epic layers of crispy bacon, melted cheddar, and our secret Epic Sauce.",2023-09-13,6,Online
"ТРК MEGA Park Улица Макатаева, 127/1 3 этаж",Sides,Power-Up Fries,Seasoned fries with power-up dips.,2022-02-08,146,Takeaway
"Микрорайон Аксай 2, 8а",Desserts,Cheat Code Cookies,Cookies with chocolate chips and candies.,2022-12-27,59,Dining
"Улица Шевченко, 85а",Sides,Supernova Sweet Potato Fries,Sweet and spicy sweet potato fries with starlight mayo.,2022-08-10,90,Takeaway
"ТРК MEGA Park Улица Макатаева, 127/1 3 этаж",Desserts,Power Pellet Pops,Fruit-infused ice pops.,2023-02-03,36,Takeaway
"Улица Шевченко, 85а",Sides,Black Hole Fries,Fries with a dark garlic truffle sauce.,2022-05-26,4,Online
"Мамыр-4 микрорайон, 197",Drinks,XP Soda,A range of sodas in multiple epic flavors.,2022-10-08,28,Dining
"ТРК MEGA Park Улица Макатаева, 127/1 3 этаж",Drinks,XP Soda,A range of sodas in multiple epic flavors.,2023-03-17,66,Dining
"Улица Минина, 14/1",Burgers,Pixel Pepperjack,"A spicy beef burger with pepperjack cheese, jalapeños, and pixelated salsa.",2022-04-20,116,Online
"Мамыр-4 микрорайон, 197",Burgers,Retro Reuben,"Corned beef, sauerkraut, Swiss cheese, and thousand island dressing on a rye bun.",2023-04-21,42,Online
"Микрорайон Аксай 2, 8а",Burgers,Next Level Veggie,"A plant-based patty with grilled eggplant, zucchini, goat cheese, and green herb sauce.",2022-10-08,172,Online
"Микрорайон Аксай 2, 8а",Drinks,XP Soda,A range of sodas in multiple epic flavors.,2023-02-26,178,Online
"Улица Шевченко, 85а",Sides,Byte-Size Tots,Crispy tater tots with cheat-code cheese sauce.,2023-08-18,36,Online
"ТРК MEGA Park Улица Макатаева, 127/1 3 этаж",Drinks,Health Potion Smoothie,A blend of red fruits with a secret energy mix.,2023-04-12,150,Dining
"Мамыр-4 микрорайон, 197",Sides,Cosmic Rings,Onion rings with cosmic seasoning and intergalactic sauce.,2022-07-24,167,Takeaway
"Микрорайон Аксай 2, 8а",Desserts,Power Pellet Pops,Fruit-infused ice pops.,2023-08-28,18,Takeaway
"Мамыр-4 микрорайон, 197",Drinks,XP Soda,A range of sodas in multiple epic flavors.,2022-01-16,130,Takeaway
"Улица Минина, 14/1",Burgers,Epic Stack,"A double beef patty with epic layers of crispy bacon, melted cheddar, and our secret Epic Sauce.",2022-06-22,56,Dining
"Улица Минина, 14/1",Drinks,XP Soda,A range of sodas in multiple epic flavors.,2022-07-07,164,Online
"Микрорайон Аксай 2, 8а",Burgers,Next Level Veggie,"A plant-based patty with grilled eggplant, zucchini, goat cheese, and green herb sauce.",2022-11-15,36,Dining
"Микрорайон Аксай 2, 8а",Burgers,Next Level Veggie,"A plant-based patty with grilled eggplant, zucchini, goat cheese, and green herb sauce.",2022-12-21,189,Takeaway
"Микрорайон Аксай 2, 8а",Burgers,Retro Reuben,"Corned beef, sauerkraut, Swiss cheese, and thousand island dressing on a rye bun.",2022-12-23,101,Takeaway
"Микрорайон Аксай 2, 8а",Sides,Supernova Sweet Potato Fries,Sweet and spicy sweet potato fries with starlight mayo.,2023-05-16,199,Takeaway
"Микрорайон Аксай 2, 8а",Burgers,Pixel Pepperjack,"A spicy beef burger with pepperjack cheese, jalapeños, and pixelated salsa.",2023-11-01,109,Takeaway
"ТРК MEGA Park Улица Макатаева, 127/1 3 этаж",Burgers,Avatar Avocado,A chicken burger with creamy avocado spread and sun-dried tomato mayo.,2022-01-04,100,Takeaway
"Улица Шевченко, 85а",Sides,Supernova Sweet Potato Fries,Sweet and spicy sweet potato fries with starlight mayo.,2023-09-18,171,Dining
"Улица Шевченко, 85а",Sides,Supernova Sweet Potato Fries,Sweet and spicy sweet potato fries with starlight mayo.,2022-09-04,135,Dining
"Мамыр-4 микрорайон, 197",Burgers,Pixel Pepperjack,"A spicy beef burger with pepperjack cheese, jalapeños, and pixelated salsa.",2022-05-22,156,Online
"Микрорайон Аксай 2, 8а",Burgers,Next Level Veggie,"A plant-based patty with grilled eggplant, zucchini, goat cheese, and green herb sauce.",2022-10-27,48,Online
"Микрорайон Аксай 2, 8а",Drinks,XP Soda,A range of sodas in multiple epic flavors.,2023-01-27,31,Online
"Мамыр-4 микрорайон, 197",Drinks,Health Potion Smoothie,A blend of red fruits with a secret energy mix.,2023-02-23,61,Dining
"Микрорайон Аксай 2, 8а",Drinks,Mana Milkshake,A blueberry milkshake that restores your energy.,2022-08-02,75,Dining
"Улица Шевченко, 85а",Burgers,Next Level Veggie,"A plant-based patty with grilled eggplant, zucchini, goat cheese, and green herb sauce.",2023-05-25,179,Online
"Улица Минина, 14/1",Sides,Quantum Fries,Seasoned fries with a secret spice blend.,2022-05-04,141,Online
"ТРК MEGA Park Улица Макатаева, 127/1 3 этаж",Burgers,Stealth Mode Mushroom,A grilled portobello cap with smoked gouda and garlic aioli.,2023-05-01,58,Online
"Улица Минина, 14/1",Drinks,Mana Milkshake,A blueberry milkshake that restores your energy.,2022-10-27,22,Takeaway
"Микрорайон Аксай 2, 8а",Sides,Byte-Size Tots,Crispy tater tots with cheat-code cheese sauce.,2023-06-21,156,Online
"Мамыр-4 микрорайон, 197",Desserts,Save Point Sundae,"Ice cream, hot fudge, and sprinkles with a cherry on top.",2023-01-04,79,Online
"Улица Шевченко, 85а",Burgers,Pixel Pepperjack,"A spicy beef burger with pepperjack cheese, jalapeños, and pixelated salsa.",2023-06-22,81,Takeaway
"Улица Шевченко, 85а",Drinks,Health Potion Smoothie,A blend of red fruits with a secret energy mix.,2023-04-28,113,Online
"ТРК MEGA Park Улица Макатаева, 127/1 3 этаж",Drinks,Health Potion Smoothie,A blend of red fruits with a secret energy mix.,2023-05-09,46,Takeaway
"Улица Шевченко, 85а",Sides,Cosmic Rings,Onion rings with cosmic seasoning and intergalactic sauce.,2023-08-21,137,Online
"Улица Шевченко, 85а",Sides,Quantum Fries,Seasoned fries with a secret spice blend.,2023-04-12,114,Dining
"Улица Минина, 14/1",Burgers,Retro Reuben,"Corned beef, sauerkraut, Swiss cheese, and thousand island dressing on a rye bun.",2023-02-19,76,Dining
"Микрорайон Аксай 2, 8а",Drinks,Mana Milkshake,A blueberry milkshake that restores your energy.,2023-10-28,197,Online
"Микрорайон Аксай 2, 8а",Burgers,Next Level Veggie,"A plant-based patty with grilled eggplant, zucchini, goat cheese, and green herb sauce.",2023-05-05,71,Takeaway
"Мамыр-4 микрорайон, 197",Drinks,XP Soda,A range of sodas in multiple epic flavors.,2022-06-17,43,Takeaway
"Улица Шевченко, 85а",Drinks,Health Potion Smoothie,A blend of red fruits with a secret energy mix.,2022-08-22,50,Dining
"ТРК MEGA Park Улица Макатаева, 127/1 3 этаж",Sides,Cosmic Rings,Onion rings with cosmic seasoning and intergalactic sauce.,2023-10-16,184,Online
"Мамыр-4 микрорайон, 197",Desserts,Cheat Code Cookies,Cookies with chocolate chips and candies.,2023-07-31,102,Dining
"Мамыр-4 микрорайон, 197",Burgers,Retro Reuben,"Corned beef, sauerkraut, Swiss cheese, and thousand island dressing on a rye bun.",2023-07-10,43,Online
"Микрорайон Аксай 2, 8а",Sides,Quantum Fries,Seasoned fries with a secret spice blend.,2022-10-04,41,Online
"Мамыр-4 микрорайон, 197",Desserts,Power Pellet Pops,Fruit-infused ice pops.,2023-04-17,52,Dining
"Улица Шевченко, 85а",Drinks,Mana Milkshake,A blueberry milkshake that restores your energy.,2023-04-27,57,Dining
"Улица Шевченко, 85а",Desserts,Save Point Sundae,"Ice cream, hot fudge, and sprinkles with a cherry on top.",2022-06-11,40,Takeaway
"Мамыр-4 микрорайон, 197",Burgers,Epic Stack,"A double beef patty with epic layers of crispy bacon, melted cheddar, and our secret Epic Sauce.",2022-08-18,95,Dining
"Мамыр-4 микрорайон, 197",Desserts,Save Point Sundae,"Ice cream, hot fudge, and sprinkles with a cherry on top.",2023-04-22,105,Takeaway
"Улица Минина, 14/1",Burgers,Pixel Pepperjack,"A spicy beef burger with pepperjack cheese, jalapeños, and pixelated salsa.",2022-06-23,155,Dining
"Улица Шевченко, 85а",Sides,Byte-Size Tots,Crispy tater tots with cheat-code cheese sauce.,2023-05-15,63,Online
"ТРК MEGA Park Улица Макатаева, 127/1 3 этаж",Desserts,Power Pellet Pops,Fruit-infused ice pops.,2023-03-08,83,Dining
"Мамыр-4 микрорайон, 197",Burgers,Pixel Pepperjack,"A spicy beef burger with pepperjack cheese, jalapeños, and pixelated salsa.",2022-04-11,106,Takeaway
"Мамыр-4 микрорайон, 197",Desserts,Cheat Code Cookies,Cookies with chocolate chips and candies.,2022-10-07,50,Dining
"Улица Шевченко, 85а",Desserts,Cheat Code Cookies,Cookies with chocolate chips and candies.,2022-03-08,92,Takeaway
"Микрорайон Аксай 2, 8а",Desserts,Save Point Sundae,"Ice cream, hot fudge, and sprinkles with a cherry on top.",2022-04-17,108,Takeaway
"Мамыр-4 микрорайон, 197",Sides,Black Hole Fries,Fries with a dark garlic truffle sauce.,2023-08-11,17,Takeaway
"Улица Шевченко, 85а",Desserts,Cheat Code Cookies,Cookies with chocolate chips and candies.,2022-04-28,192,Online
"Улица Минина, 14/1",Desserts,Save Point Sundae,"Ice cream, hot fudge, and sprinkles with a cherry on top.",2022-06-10,124,Dining
"Улица Шевченко, 85а",Desserts,Save Point Sundae,"Ice cream, hot fudge, and sprinkles with a cherry on top.",2023-08-03,190,Online
"Улица Минина, 14/1",Desserts,Power Pellet Pops,Fruit-infused ice pops.,2022-09-23,67,Dining
"ТРК MEGA Park Улица Макатаева, 127/1 3 этаж",Desserts,Save Point Sundae,"Ice cream, hot fudge, and sprinkles with a cherry on top.",2023-07-26,109,Dining
"ТРК MEGA Park Улица Макатаева, 127/1 3 этаж",Desserts,Power Pellet Pops,Fruit-infused ice pops.,2022-08-17,89,Online
"Мамыр-4 микрорайон, 197",Sides,Cosmic Rings,Onion rings with cosmic seasoning and intergalactic sauce.,2023-06-12,112,Dining
"Улица Минина, 14/1",Burgers,Avatar Avocado,A chicken burger with creamy avocado spread and sun-dried tomato mayo.,2023-10-15,37,Online
"Мамыр-4 микрорайон, 197",Sides,Quantum Fries,Seasoned fries with a secret spice blend.,2023-10-18,73,Dining
"Мамыр-4 микрорайон, 197",Sides,Byte-Size Tots,Crispy tater tots with cheat-code cheese sauce.,2022-07-01,72,Dining
"Мамыр-4 микрорайон, 197",Drinks,XP Soda,A range of sodas in multiple epic flavors.,2022-06-22,77,Takeaway
"Улица Минина, 14/1",Desserts,Save Point Sundae,"Ice cream, hot fudge, and sprinkles with a cherry on top.",2022-06-08,52,Takeaway
"ТРК MEGA Park Улица Макатаева, 127/1 3 этаж",Burgers,Pixel Pepperjack,"A spicy beef burger with pepperjack cheese, jalapeños, and pixelated salsa.",2022-11-24,9,Dining
"Улица Шевченко, 85а",Drinks,XP Soda,A range of sodas in multiple epic flavors.,2022-04-23,9,Takeaway
"ТРК MEGA Park Улица Макатаева, 127/1 3 этаж",Burgers,Avatar Avocado,A chicken burger with creamy avocado spread and sun-dried tomato mayo.,2023-10-10,111,Takeaway
"Микрорайон Аксай 2, 8а",Sides,Black Hole Fries,Fries with a dark garlic truffle sauce.,2022-03-31,81,Dining
"Микрорайон Аксай 2, 8а",Burgers,Pixel Pepperjack,"A spicy beef burger with pepperjack cheese, jalapeños, and pixelated salsa.",2023-01-09,68,Dining
"Микрорайон Аксай 2, 8а",Sides,Cosmic Rings,Onion rings with cosmic seasoning and intergalactic sauce.,2022-12-10,71,Dining
"Улица Минина, 14/1",Drinks,Mana Milkshake,A blueberry milkshake that restores your energy.,2022-07-18,155,Takeaway
"ТРК MEGA Park Улица Макатаева, 127/1 3 этаж",Sides,Supernova Sweet Potato Fries,Sweet and spicy sweet potato fries with starlight mayo.,2023-07-15,98,Online
"Микрорайон Аксай 2, 8а",Drinks,Health Potion Smoothie,A blend of red fruits with a secret energy mix.,2023-04-27,166,Takeaway
"ТРК MEGA Park Улица Макатаева, 127/1 3 этаж",Burgers,Avatar Avocado,A chicken burger with creamy avocado spread and sun-dried tomato mayo.,2022-10-06,176,Dining
"Улица Шевченко, 85а",Sides,Byte-Size Tots,Crispy tater tots with cheat-code cheese sauce.,2022-07-06,178,Takeaway
"Мамыр-4 микрорайон, 197",Sides,Quantum Fries,Seasoned fries with a secret spice blend.,2022-04-23,17,Online
"Улица Минина, 14/1",Sides,Supernova Sweet Potato Fries,Sweet and spicy sweet potato fries with starlight mayo.,2021-12-15,44,Online
"Улица Минина, 14/1",Burgers,Stealth Mode Mushroom,A grilled portobello cap with smoked gouda and garlic aioli.,2023-09-05,199,Takeaway
"ТРК MEGA Park Улица Макатаева, 127/1 3 этаж",Drinks,Mana Milkshake,A blueberry milkshake that restores your energy.,2022-06-23,168,Online
"Улица Шевченко, 85а",Drinks,Health Potion Smoothie,A blend of red fruits with a secret energy mix.,2022-01-23,177,Dining
"Мамыр-4 микрорайон, 197",Drinks,XP Soda,A range of sodas in multiple epic flavors.,2023-09-02,142,Takeaway
"Микрорайон Аксай 2, 8а",Drinks,Health Potion Smoothie,A blend of red fruits with a secret energy mix.,2023-07-19,166,Online
"Улица Минина, 14/1",Drinks,Health Potion Smoothie,A blend of red fruits with a secret energy mix.,2021-12-22,117,Online
"Улица Шевченко, 85а",Drinks,Health Potion Smoothie,A blend of red fruits with a secret energy mix.,2021-11-03,109,Dining
"Мамыр-4 микрорайон, 197",Desserts,Save Point Sundae,"Ice cream, hot fudge, and sprinkles with a cherry on top.",2023-03-28,73,Dining
"ТРК MEGA Park Улица Макатаева, 127/1 3 этаж",Burgers,Epic Stack,"A double beef patty with epic layers of crispy bacon, melted cheddar, and our secret Epic Sauce.",2022-09-22,193,Online
"Микрорайон Аксай 2, 8а",Drinks,Mana Milkshake,A blueberry milkshake that restores your energy.,2022-08-16,194,Takeaway
"Улица Шевченко, 85а",Sides,Supernova Sweet Potato Fries,Sweet and spicy sweet potato fries with starlight mayo.,2021-11-20,135,Online
"ТРК MEGA Park Улица Макатаева, 127/1 3 этаж",Sides,Power-Up Fries,Seasoned fries with power-up dips.,2023-03-21,32,Online
"Улица Шевченко, 85а",Burgers,Stealth Mode Mushroom,A grilled portobello cap with smoked gouda and garlic aioli.,2022-06-18,190,Dining
"Мамыр-4 микрорайон, 197",Sides,Power-Up Fries,Seasoned fries with power-up dips.,2023-07-08,87,Takeaway
"ТРК MEGA Park Улица Макатаева, 127/1 3 этаж",Sides,Quantum Fries,Seasoned fries with a secret spice blend.,2022-07-11,109,Online
"Мамыр-4 микрорайон, 197",Sides,Black Hole Fries,Fries with a dark garlic truffle sauce.,2022-07-26,5,Takeaway
"Микрорайон Аксай 2, 8а",Desserts,Cheat Code Cookies,Cookies with chocolate chips and candies.,2023-03-06,184,Dining
"ТРК MEGA Park Улица Макатаева, 127/1 3 этаж",Desserts,Power Pellet Pops,Fruit-infused ice pops.,2021-11-08,167,Dining
"Улица Минина, 14/1",Burgers,Retro Reuben,"Corned beef, sauerkraut, Swiss cheese, and thousand island dressing on a rye bun.",2023-04-05,17,Takeaway
"Мамыр-4 микрорайон, 197",Desserts,Power Pellet Pops,Fruit-infused ice pops.,2022-03-15,187,Online
"Улица Минина, 14/1",Sides,Black Hole Fries,Fries with a dark garlic truffle sauce.,2022-07-31,136,Online
"Микрорайон Аксай 2, 8а",Desserts,Power Pellet Pops,Fruit-infused ice pops.,2022-12-03,28,Online
"Улица Шевченко, 85а",Burgers,Epic Stack,"A double beef patty with epic layers of crispy bacon, melted cheddar, and our secret Epic Sauce.",2023-02-12,162,Dining
"Улица Шевченко, 85а",Burgers,Epic Stack,"A double beef patty with epic layers of crispy bacon, melted cheddar, and our secret Epic Sauce.",2022-04-11,114,Online
"Улица Шевченко, 85а",Drinks,Mana Milkshake,A blueberry milkshake that restores your energy.,2022-05-08,108,Online
"ТРК MEGA Park Улица Макатаева, 127/1 3 этаж",Desserts,Cheat Code Cookies,Cookies with chocolate chips and candies.,2023-01-21,181,Takeaway
"Мамыр-4 микрорайон, 197",Sides,Supernova Sweet Potato Fries,Sweet and spicy sweet potato fries with starlight mayo.,2022-11-24,82,Takeaway
"Улица Шевченко, 85а",Desserts,Save Point Sundae,"Ice cream, hot fudge, and sprinkles with a cherry on top.",2023-09-06,1,Takeaway
"Улица Шевченко, 85а",Desserts,Save Point Sundae,"Ice cream, hot fudge, and sprinkles with a cherry on top.",2021-12-16,169,Dining
"Улица Минина, 14/1",Burgers,Epic Stack,"A double beef patty with epic layers of crispy bacon, melted cheddar, and our secret Epic Sauce.",2021-11-04,169,Online
"Улица Минина, 14/1",Burgers,Next Level Veggie,"A plant-based patty with grilled eggplant, zucchini, goat cheese, and green herb sauce.",2022-10-26,105,Dining
"Микрорайон Аксай 2, 8а",Sides,Cosmic Rings,Onion rings with cosmic seasoning and intergalactic sauce.,2023-08-12,77,Takeaway
"Улица Минина, 14/1",Drinks,Health Potion Smoothie,A blend of red fruits with a secret energy mix.,2023-02-03,151,Online
"Улица Шевченко, 85а",Sides,Byte-Size Tots,Crispy tater tots with cheat-code cheese sauce.,2023-03-14,184,Online
"Улица Минина, 14/1",Sides,Supernova Sweet Potato Fries,Sweet and spicy sweet potato fries with starlight mayo.,2023-10-23,181,Takeaway
"Мамыр-4 микрорайон, 197",Burgers,Next Level Veggie,"A plant-based patty with grilled eggplant, zucchini, goat cheese, and green herb sauce.",2023-01-05,35,Takeaway
"Мамыр-4 микрорайон, 197",Burgers,Next Level Veggie,"A plant-based patty with grilled eggplant, zucchini, goat cheese, and green herb sauce.",2022-09-18,124,Takeaway
"Улица Минина, 14/1",Drinks,XP Soda,A range of sodas in multiple epic flavors.,2023-01-28,157,Dining
"Улица Минина, 14/1",Desserts,Save Point Sundae,"Ice cream, hot fudge, and sprinkles with a cherry on top.",2023-07-03,83,Dining
"Микрорайон Аксай 2, 8а",Burgers,Retro Reuben,"Corned beef, sauerkraut, Swiss cheese, and thousand island dressing on a rye bun.",2023-03-11,153,Dining
"Микрорайон Аксай 2, 8а",Desserts,Cheat Code Cookies,Cookies with chocolate chips and candies.,2023-09-08,27,Takeaway
"ТРК MEGA Park Улица Макатаева, 127/1 3 этаж",Burgers,Retro Reuben,"Corned beef, sauerkraut, Swiss cheese, and thousand island dressing on a rye bun.",2023-01-30,114,Takeaway
"Улица Минина, 14/1",Drinks,Health Potion Smoothie,A blend of red fruits with a secret energy mix.,2022-08-21,62,Takeaway
"Микрорайон Аксай 2, 8а",Desserts,Power Pellet Pops,Fruit-infused ice pops.,2023-10-31,181,Online
"Мамыр-4 микрорайон, 197",Desserts,Cheat Code Cookies,Cookies with chocolate chips and candies.,2022-02-24,194,Online
"Улица Минина, 14/1",Drinks,Health Potion Smoothie,A blend of red fruits with a secret energy mix.,2022-09-27,1,Online
"Улица Минина, 14/1",Drinks,Health Potion Smoothie,A blend of red fruits with a secret energy mix.,2023-06-14,82,Dining
"Мамыр-4 микрорайон, 197",Drinks,XP Soda,A range of sodas in multiple epic flavors.,2022-11-13,86,Online
"ТРК MEGA Park Улица Макатаева, 127/1 3 этаж",Sides,Power-Up Fries,Seasoned fries with power-up dips.,2023-11-01,190,Online
"Улица Шевченко, 85а",Desserts,Cheat Code Cookies,Cookies with chocolate chips and candies.,2022-06-18,147,Takeaway
"Улица Минина, 14/1",Drinks,Mana Milkshake,A blueberry milkshake that restores your energy.,2023-02-25,157,Takeaway
"Микрорайон Аксай 2, 8а",Sides,Supernova Sweet Potato Fries,Sweet and spicy sweet potato fries with starlight mayo.,2023-10-11,101,Online
"ТРК MEGA Park Улица Макатаева, 127/1 3 этаж",Desserts,Save Point Sundae,"Ice cream, hot fudge, and sprinkles with a cherry on top.",2022-06-10,8,Online
"Мамыр-4 микрорайон, 197",Desserts,Save Point Sundae,"Ice cream, hot fudge, and sprinkles with a cherry on top.",2022-06-10,180,Dining
"Улица Минина, 14/1",Desserts,Cheat Code Cookies,Cookies with chocolate chips and candies.,2022-01-15,7,Dining
"Улица Шевченко, 85а",Desserts,Power Pellet Pops,Fruit-infused ice pops.,2023-08-07,151,Dining
"ТРК MEGA Park Улица Макатаева, 127/1 3 этаж",Burgers,Pixel Pepperjack,"A spicy beef burger with pepperjack cheese, jalapeños, and pixelated salsa.",2021-12-28,54,Dining
"Мамыр-4 микрорайон, 197",Desserts,Save Point Sundae,"Ice cream, hot fudge, and sprinkles with a cherry on top.",2021-11-14,180,Dining
"Микрорайон Аксай 2, 8а",Desserts,Save Point Sundae,"Ice cream, hot fudge, and sprinkles with a cherry on top.",2022-04-06,70,Takeaway
"ТРК MEGA Park Улица Макатаева, 127/1 3 этаж",Sides,Byte-Size Tots,Crispy tater tots with cheat-code cheese sauce.,2023-03-01,109,Dining
"ТРК MEGA Park Улица Макатаева, 127/1 3 этаж",Sides,Cosmic Rings,Onion rings with cosmic seasoning and intergalactic sauce.,2023-08-06,126,Dining
"Мамыр-4 микрорайон, 197",Burgers,Stealth Mode Mushroom,A grilled portobello cap with smoked gouda and garlic aioli.,2023-01-06,198,Dining
"ТРК MEGA Park Улица Макатаева, 127/1 3 этаж",Sides,Cosmic Rings,Onion rings with cosmic seasoning and intergalactic sauce.,2022-11-02,62,Online
"ТРК MEGA Park Улица Макатаева, 127/1 3 этаж",Drinks,Health Potion Smoothie,A blend of red fruits with a secret energy mix.,2023-08-26,68,Online
"ТРК MEGA Park Улица Макатаева, 127/1 3 этаж",Burgers,Next Level Veggie,"A plant-based patty with grilled eggplant, zucchini, goat cheese, and green herb sauce.",2023-03-13,72,Dining
"Улица Шевченко, 85а",Drinks,XP Soda,A range of sodas in multiple epic flavors.,2023-04-14,114,Dining
"ТРК MEGA Park Улица Макатаева, 127/1 3 этаж",Desserts,Power Pellet Pops,Fruit-infused ice pops.,2023-01-08,122,Dining
"Улица Минина, 14/1",Drinks,XP Soda,A range of sodas in multiple epic flavors.,2023-07-29,69,Online
"Улица Шевченко, 85а",Burgers,Stealth Mode Mushroom,A grilled portobello cap with smoked gouda and garlic aioli.,2022-02-24,160,Takeaway
"Улица Минина, 14/1",Drinks,Health Potion Smoothie,A blend of red fruits with a secret energy mix.,2023-01-04,118,Dining
"Улица Шевченко, 85а",Drinks,Health Potion Smoothie,A blend of red fruits with a secret energy mix.,2022-04-21,157,Takeaway
"Микрорайон Аксай 2, 8а",Sides,Power-Up Fries,Seasoned fries with power-up dips.,2023-02-23,64,Dining
"Микрорайон Аксай 2, 8а",Burgers,Next Level Veggie,"A plant-based patty with grilled eggplant, zucchini, goat cheese, and green herb sauce.",2022-11-11,133,Takeaway
"Мамыр-4 микрорайон, 197",Burgers,Stealth Mode Mushroom,A grilled portobello cap with smoked gouda and garlic aioli.,2021-12-12,108,Takeaway
"ТРК MEGA Park Улица Макатаева, 127/1 3 этаж",Sides,Black Hole Fries,Fries with a dark garlic truffle sauce.,2023-07-09,185,Dining
"Улица Шевченко, 85а",Sides,Byte-Size Tots,Crispy tater tots with cheat-code cheese sauce.,2023-09-29,159,Takeaway
"ТРК MEGA Park Улица Макатаева, 127/1 3 этаж",Sides,Cosmic Rings,Onion rings with cosmic seasoning and intergalactic sauce.,2022-02-12,94,Online
"ТРК MEGA Park Улица Макатаева, 127/1 3 этаж",Drinks,XP Soda,A range of sodas in multiple epic flavors.,2022-03-16,180,Takeaway
"Микрорайон Аксай 2, 8а",Drinks,XP Soda,A range of sodas in multiple epic flavors.,2022-09-15,85,Online
"ТРК MEGA Park Улица Макатаева, 127/1 3 этаж",Burgers,Pixel Pepperjack,"A spicy beef burger with pepperjack cheese, jalapeños, and pixelated salsa.",2022-02-22,93,Takeaway
"Улица Шевченко, 85а",Desserts,Save Point Sundae,"Ice cream, hot fudge, and sprinkles with a cherry on top.",2022-01-26,6,Takeaway
"Мамыр-4 микрорайон, 197",Burgers,Pixel Pepperjack,"A spicy beef burger with pepperjack cheese, jalapeños, and pixelated salsa.",2023-08-16,116,Dining
"Мамыр-4 микрорайон, 197",Drinks,XP Soda,A range of sodas in multiple epic flavors.,2021-11-15,157,Takeaway
"Микрорайон Аксай 2, 8а",Drinks,XP Soda,A range of sodas in multiple epic flavors.,2023-04-08,77,Online
"Улица Минина, 14/1",Sides,Supernova Sweet Potato Fries,Sweet and spicy sweet potato fries with starlight mayo.,2022-07-04,153,Takeaway
"Улица Шевченко, 85а",Drinks,Mana Milkshake,A blueberry milkshake that restores your energy.,2022-12-22,35,Dining
"Мамыр-4 микрорайон, 197",Sides,Cosmic Rings,Onion rings with cosmic seasoning and intergalactic sauce.,2022-01-10,16,Online
"Микрорайон Аксай 2, 8а",Sides,Black Hole Fries,Fries with a dark garlic truffle sauce.,2023-08-28,140,Online
"Улица Минина, 14/1",Desserts,Power Pellet Pops,Fruit-infused ice pops.,2021-11-19,172,Online
"Улица Шевченко, 85а",Sides,Power-Up Fries,Seasoned fries with power-up dips.,2023-08-11,159,Online
"ТРК MEGA Park Улица Макатаева, 127/1 3 этаж",Sides,Black Hole Fries,Fries with a dark garlic truffle sauce.,2022-12-19,22,Online
"Улица Минина, 14/1",Sides,Quantum Fries,Seasoned fries with a secret spice blend.,2022-02-21,197,Online
"Микрорайон Аксай 2, 8а",Drinks,Health Potion Smoothie,A blend of red fruits with a secret energy mix.,2023-02-28,146,Takeaway
"Микрорайон Аксай 2, 8а",Drinks,Mana Milkshake,A blueberry milkshake that restores your energy.,2022-04-17,162,Takeaway
"ТРК MEGA Park Улица Макатаева, 127/1 3 этаж",Drinks,Health Potion Smoothie,A blend of red fruits with a secret energy mix.,2021-12-17,80,Takeaway
"Улица Минина, 14/1",Drinks,Health Potion Smoothie,A blend of red fruits with a secret energy mix.,2023-09-07,90,Online
"ТРК MEGA Park Улица Макатаева, 127/1 3 этаж",Burgers,Next Level Veggie,"A plant-based patty with grilled eggplant, zucchini, goat cheese, and green herb sauce.",2023-08-02,15,Online
"Улица Шевченко, 85а",Burgers,Next Level Veggie,"A plant-based patty with grilled eggplant, zucchini, goat cheese, and green herb sauce.",2022-09-01,142,Takeaway
"ТРК MEGA Park Улица Макатаева, 127/1 3 этаж",Drinks,Health Potion Smoothie,A blend of red fruits with a secret energy mix.,2021-11-06,63,Online
"Мамыр-4 микрорайон, 197",Drinks,Health Potion Smoothie,A blend of red fruits with a secret energy mix.,2022-07-23,71,Takeaway
"ТРК MEGA Park Улица Макатаева, 127/1 3 этаж",Drinks,XP Soda,A range of sodas in multiple epic flavors.,2022-02-07,78,Dining
"Мамыр-4 микрорайон, 197",Burgers,Pixel Pepperjack,"A spicy beef burger with pepperjack cheese, jalapeños, and pixelated salsa.",2023-02-01,55,Dining
"Улица Шевченко, 85а",Burgers,Next Level Veggie,"A plant-based patty with grilled eggplant, zucchini, goat cheese, and green herb sauce.",2022-03-29,27,Dining
"Улица Шевченко, 85а",Sides,Cosmic Rings,Onion rings with cosmic seasoning and intergalactic sauce.,2022-09-25,186,Online
"ТРК MEGA Park Улица Макатаева, 127/1 3 этаж",Burgers,Next Level Veggie,"A plant-based patty with grilled eggplant, zucchini, goat cheese, and green herb sauce.",2023-01-30,41,Takeaway
"Улица Минина, 14/1",Sides,Cosmic Rings,Onion rings with cosmic seasoning and intergalactic sauce.,2023-02-28,126,Takeaway
"Улица Шевченко, 85а",Burgers,Pixel Pepperjack,"A spicy beef burger with pepperjack cheese, jalapeños, and pixelated salsa.",2022-09-02,17,Dining
"Улица Шевченко, 85а",Sides,Black Hole Fries,Fries with a dark garlic truffle sauce.,2022-09-25,8,Online
"ТРК MEGA Park Улица Макатаева, 127/1 3 этаж",Burgers,Avatar Avocado,A chicken burger with creamy avocado spread and sun-dried tomato mayo.,2023-01-26,198,Dining
"Улица Минина, 14/1",Drinks,Health Potion Smoothie,A blend of red fruits with a secret energy mix.,2022-06-13,145,Takeaway
"Улица Шевченко, 85а",Drinks,Mana Milkshake,A blueberry milkshake that restores your energy.,2023-02-25,133,Online
"Микрорайон Аксай 2, 8а",Burgers,Stealth Mode Mushroom,A grilled portobello cap with smoked gouda and garlic aioli.,2023-01-01,61,Dining
"Улица Шевченко, 85а",Sides,Quantum Fries,Seasoned fries with a secret spice blend.,2022-08-21,73,Online
"Микрорайон Аксай 2, 8а",Drinks,XP Soda,A range of sodas in multiple epic flavors.,2022-05-08,108,Takeaway
"Микрорайон Аксай 2, 8а",Desserts,Cheat Code Cookies,Cookies with chocolate chips and candies.,2022-04-08,8,Dining
"Улица Шевченко, 85а",Drinks,Health Potion Smoothie,A blend of red fruits with a secret energy mix.,2023-04-11,152,Takeaway
"Мамыр-4 микрорайон, 197",Burgers,Retro Reuben,"Corned beef, sauerkraut, Swiss cheese, and thousand island dressing on a rye bun.",2022-03-17,193,Online
"Улица Шевченко, 85а",Desserts,Cheat Code Cookies,Cookies with chocolate chips and candies.,2023-05-30,72,Dining
"Микрорайон Аксай 2, 8а",Burgers,Avatar Avocado,A chicken burger with creamy avocado spread and sun-dried tomato mayo.,2023-03-29,21,Takeaway
"Мамыр-4 микрорайон, 197",Drinks,XP Soda,A range of sodas in multiple epic flavors.,2023-08-12,18,Online
"ТРК MEGA Park Улица Макатаева, 127/1 3 этаж",Sides,Cosmic Rings,Onion rings with cosmic seasoning and intergalactic sauce.,2022-08-11,70,Dining
"Мамыр-4 микрорайон, 197",Drinks,Health Potion Smoothie,A blend of red fruits with a secret energy mix.,2022-01-24,82,Takeaway
"Улица Минина, 14/1",Desserts,Power Pellet Pops,Fruit-infused ice pops.,2023-08-16,95,Online
"ТРК MEGA Park Улица Макатаева, 127/1 3 этаж",Burgers,Pixel Pepperjack,"A spicy beef burger with pepperjack cheese, jalapeños, and pixelated salsa.",2023-01-26,198,Dining
"Улица Минина, 14/1",Desserts,Save Point Sundae,"Ice cream, hot fudge, and sprinkles with a cherry on top.",2022-06-28,162,Takeaway
"Микрорайон Аксай 2, 8а",Sides,Power-Up Fries,Seasoned fries with power-up dips.,2023-03-02,9,Dining
"Микрорайон Аксай 2, 8а",Desserts,Cheat Code Cookies,Cookies with chocolate chips and candies.,2023-09-20,96,Dining
"Улица Минина, 14/1",Sides,Cosmic Rings,Onion rings with cosmic seasoning and intergalactic sauce.,2023-01-13,31,Online
"Микрорайон Аксай 2, 8а",Burgers,Retro Reuben,"Corned beef, sauerkraut, Swiss cheese, and thousand island dressing on a rye bun.",2023-02-22,194,Dining
"Микрорайон Аксай 2, 8а",Desserts,Power Pellet Pops,Fruit-infused ice pops.,2022-06-24,34,Online
"Микрорайон Аксай 2, 8а",Desserts,Save Point Sundae,"Ice cream, hot fudge, and sprinkles with a cherry on top.",2022-03-04,106,Online
"Улица Шевченко, 85а",Drinks,XP Soda,A range of sodas in multiple epic flavors.,2022-05-25,170,Takeaway
"Микрорайон Аксай 2, 8а",Desserts,Cheat Code Cookies,Cookies with chocolate chips and candies.,2022-05-07,41,Dining
"Микрорайон Аксай 2, 8а",Desserts,Cheat Code Cookies,Cookies with chocolate chips and candies.,2023-04-27,133,Dining
"ТРК MEGA Park Улица Макатаева, 127/1 3 этаж",Drinks,XP Soda,A range of sodas in multiple epic flavors.,2023-04-29,166,Online
"Мамыр-4 микрорайон, 197",Burgers,Next Level Veggie,"A plant-based patty with grilled eggplant, zucchini, goat cheese, and green herb sauce.",2021-12-18,191,Dining
"ТРК MEGA Park Улица Макатаева, 127/1 3 этаж",Drinks,Mana Milkshake,A blueberry milkshake that restores your energy.,2022-03-06,135,Takeaway
"Мамыр-4 микрорайон, 197",Sides,Power-Up Fries,Seasoned fries with power-up dips.,2023-04-16,172,Dining
"Улица Минина, 14/1",Desserts,Save Point Sundae,"Ice cream, hot fudge, and sprinkles with a cherry on top.",2022-09-07,70,Takeaway
"Мамыр-4 микрорайон, 197",Desserts,Cheat Code Cookies,Cookies with chocolate chips and candies.,2022-07-18,38,Takeaway
"Улица Шевченко, 85а",Burgers,Next Level Veggie,"A plant-based patty with grilled eggplant, zucchini, goat cheese, and green herb sauce.",2023-09-02,46,Takeaway
"Мамыр-4 микрорайон, 197",Burgers,Retro Reuben,"Corned beef, sauerkraut, Swiss cheese, and thousand island dressing on a rye bun.",2022-11-11,164,Takeaway
"Улица Шевченко, 85а",Drinks,XP Soda,A range of sodas in multiple epic flavors.,2022-11-12,41,Dining
"Мамыр-4 микрорайон, 197",Desserts,Save Point Sundae,"Ice cream, hot fudge, and sprinkles with a cherry on top.",2022-08-12,131,Online
"Мамыр-4 микрорайон, 197",Drinks,XP Soda,A range of sodas in multiple epic flavors.,2023-06-10,80,Online
"Улица Минина, 14/1",Burgers,Pixel Pepperjack,"A spicy beef burger with pepperjack cheese, jalapeños, and pixelated salsa.",2021-11-21,123,Online
"Мамыр-4 микрорайон, 197",Desserts,Power Pellet Pops,Fruit-infused ice pops.,2022-07-28,16,Takeaway
"ТРК MEGA Park Улица Макатаева, 127/1 3 этаж",Sides,Byte-Size Tots,Crispy tater tots with cheat-code cheese sauce.,2021-12-10,161,Dining
"Улица Минина, 14/1",Sides,Black Hole Fries,Fries with a dark garlic truffle sauce.,2023-06-11,68,Online
"Микрорайон Аксай 2, 8а",Burgers,Next Level Veggie,"A plant-based patty with grilled eggplant, zucchini, goat cheese, and green herb sauce.",2022-01-25,68,Takeaway
"Микрорайон Аксай 2, 8а",Drinks,Mana Milkshake,A blueberry milkshake that restores your energy.,2022-06-20,107,Takeaway
"Микрорайон Аксай 2, 8а",Drinks,Health Potion Smoothie,A blend of red fruits with a secret energy mix.,2023-05-10,143,Takeaway
"Мамыр-4 микрорайон, 197",Burgers,Stealth Mode Mushroom,A grilled portobello cap with smoked gouda and garlic aioli.,2023-05-12,73,Dining
"Улица Шевченко, 85а",Drinks,Mana Milkshake,A blueberry milkshake that restores your energy.,2023-05-06,189,Dining
"ТРК MEGA Park Улица Макатаева, 127/1 3 этаж",Burgers,Epic Stack,"A double beef patty with epic layers of crispy bacon, melted cheddar, and our secret Epic Sauce.",2022-08-04,29,Takeaway
"Мамыр-4 микрорайон, 197",Burgers,Retro Reuben,"Corned beef, sauerkraut, Swiss cheese, and thousand island dressing on a rye bun.",2022-01-11,57,Takeaway
"ТРК MEGA Park Улица Макатаева, 127/1 3 этаж",Sides,Quantum Fries,Seasoned fries with a secret spice blend.,2022-08-18,59,Online
"Улица Минина, 14/1",Drinks,Health Potion Smoothie,A blend of red fruits with a secret energy mix.,2022-03-10,61,Dining
"Улица Шевченко, 85а",Sides,Byte-Size Tots,Crispy tater tots with cheat-code cheese sauce.,2022-04-15,47,Takeaway
"Мамыр-4 микрорайон, 197",Drinks,XP Soda,A range of sodas in multiple epic flavors.,2023-08-19,116,Dining
"Улица Шевченко, 85а",Drinks,Health Potion Smoothie,A blend of red fruits with a secret energy mix.,2023-08-23,166,Takeaway
"Улица Минина, 14/1",Drinks,Health Potion Smoothie,A blend of red fruits with a secret energy mix.,2022-08-13,162,Online
"Улица Минина, 14/1",Burgers,Retro Reuben,"Corned beef, sauerkraut, Swiss cheese, and thousand island dressing on a rye bun.",2022-07-14,145,Dining
"Улица Минина, 14/1",Sides,Byte-Size Tots,Crispy tater tots with cheat-code cheese sauce.,2023-01-17,195,Dining
"Улица Шевченко, 85а",Burgers,Avatar Avocado,A chicken burger with creamy avocado spread and sun-dried tomato mayo.,2023-07-11,182,Dining
"Мамыр-4 микрорайон, 197",Sides,Black Hole Fries,Fries with a dark garlic truffle sauce.,2023-09-10,129,Dining
"Улица Шевченко, 85а",Sides,Quantum Fries,Seasoned fries with a secret spice blend.,2022-10-22,186,Takeaway
"Улица Минина, 14/1",Desserts,Power Pellet Pops,Fruit-infused ice pops.,2023-01-02,195,Dining
"ТРК MEGA Park Улица Макатаева, 127/1 3 этаж",Desserts,Power Pellet Pops,Fruit-infused ice pops.,2022-08-28,100,Online
"ТРК MEGA Park Улица Макатаева, 127/1 3 этаж",Burgers,Avatar Avocado,A chicken burger with creamy avocado spread and sun-dried tomato mayo.,2022-12-29,152,Online
"Улица Шевченко, 85а",Burgers,Next Level Veggie,"A plant-based patty with grilled eggplant, zucchini, goat cheese, and green herb sauce.",2022-06-14,104,Dining
"Мамыр-4 микрорайон, 197",Desserts,Cheat Code Cookies,Cookies with chocolate chips and candies.,2021-12-11,13,Dining
"ТРК MEGA Park Улица Макатаева, 127/1 3 этаж",Drinks,XP Soda,A range of sodas in multiple epic flavors.,2022-10-26,126,Online
"Улица Минина, 14/1",Sides,Byte-Size Tots,Crispy tater tots with cheat-code cheese sauce.,2023-03-25,27,Online
"Мамыр-4 микрорайон, 197",Desserts,Cheat Code Cookies,Cookies with chocolate chips and candies.,2022-09-27,113,Dining
"Улица Шевченко, 85а",Burgers,Stealth Mode Mushroom,A grilled portobello cap with smoked gouda and garlic aioli.,2023-04-17,84,Takeaway
"Мамыр-4 микрорайон, 197",Sides,Byte-Size Tots,Crispy tater tots with cheat-code cheese sauce.,2021-11-23,43,Takeaway
"Улица Минина, 14/1",Sides,Power-Up Fries,Seasoned fries with power-up dips.,2023-06-04,132,Online
"Улица Минина, 14/1",Burgers,Stealth Mode Mushroom,A grilled portobello cap with smoked gouda and garlic aioli.,2023-01-25,151,Dining
"Микрорайон Аксай 2, 8а",Desserts,Save Point Sundae,"Ice cream, hot fudge, and sprinkles with a cherry on top.",2023-09-19,11,Takeaway
"Мамыр-4 микрорайон, 197",Sides,Power-Up Fries,Seasoned fries with power-up dips.,2021-11-15,195,Online
"Улица Минина, 14/1",Burgers,Next Level Veggie,"A plant-based patty with grilled eggplant, zucchini, goat cheese, and green herb sauce.",2023-10-29,83,Dining
"ТРК MEGA Park Улица Макатаева, 127/1 3 этаж",Burgers,Stealth Mode Mushroom,A grilled portobello cap with smoked gouda and garlic aioli.,2022-09-11,51,Takeaway
"ТРК MEGA Park Улица Макатаева, 127/1 3 этаж",Desserts,Save Point Sundae,"Ice cream, hot fudge, and sprinkles with a cherry on top.",2023-04-14,71,Takeaway
"Микрорайон Аксай 2, 8а",Desserts,Power Pellet Pops,Fruit-infused ice pops.,2022-05-03,35,Dining
"Улица Шевченко, 85а",Burgers,Epic Stack,"A double beef patty with epic layers of crispy bacon, melted cheddar, and our secret Epic Sauce.",2022-02-11,46,Dining
"Улица Шевченко, 85а",Drinks,Mana Milkshake,A blueberry milkshake that restores your energy.,2023-08-23,87,Dining
"Улица Шевченко, 85а",Burgers,Retro Reuben,"Corned beef, sauerkraut, Swiss cheese, and thousand island dressing on a rye bun.",2023-02-17,26,Online
"ТРК MEGA Park Улица Макатаева, 127/1 3 этаж",Desserts,Save Point Sundae,"Ice cream, hot fudge, and sprinkles with a cherry on top.",2023-08-16,43,Online
"Улица Шевченко, 85а",Burgers,Retro Reuben,"Corned beef, sauerkraut, Swiss cheese, and thousand island dressing on a rye bun.",2023-08-21,66,Online
"Микрорайон Аксай 2, 8а",Burgers,Epic Stack,"A double beef patty with epic layers of crispy bacon, melted cheddar, and our secret Epic Sauce.",2023-09-24,97,Dining
"Микрорайон Аксай 2, 8а",Sides,Byte-Size Tots,Crispy tater tots with cheat-code cheese sauce.,2023-01-25,6,Dining
"Микрорайон Аксай 2, 8а",Desserts,Cheat Code Cookies,Cookies with chocolate chips and candies.,2022-01-03,75,Dining
"Мамыр-4 микрорайон, 197",Burgers,Pixel Pepperjack,"A spicy beef burger with pepperjack cheese, jalapeños, and pixelated salsa.",2022-04-27,138,Takeaway
"Улица Минина, 14/1",Burgers,Pixel Pepperjack,"A spicy beef burger with pepperjack cheese, jalapeños, and pixelated salsa.",2023-03-07,180,Online
"Мамыр-4 микрорайон, 197",Desserts,Cheat Code Cookies,Cookies with chocolate chips and candies.,2022-06-21,85,Dining
"ТРК MEGA Park Улица Макатаева, 127/1 3 этаж",Sides,Black Hole Fries,Fries with a dark garlic truffle sauce.,2022-10-20,152,Online
"ТРК MEGA Park Улица Макатаева, 127/1 3 этаж",Drinks,Health Potion Smoothie,A blend of red fruits with a secret energy mix.,2023-10-29,107,Dining
"Мамыр-4 микрорайон, 197",Drinks,XP Soda,A range of sodas in multiple epic flavors.,2022-08-06,63,Takeaway
"Микрорайон Аксай 2, 8а",Burgers,Next Level Veggie,"A plant-based patty with grilled eggplant, zucchini, goat cheese, and green herb sauce.",2022-06-03,65,Dining
"Мамыр-4 микрорайон, 197",Burgers,Retro Reuben,"Corned beef, sauerkraut, Swiss cheese, and thousand island dressing on a rye bun.",2022-09-20,29,Takeaway
"Улица Шевченко, 85а",Drinks,Health Potion Smoothie,A blend of red fruits with a secret energy mix.,2023-05-26,37,Online
"Микрорайон Аксай 2, 8а",Burgers,Retro Reuben,"Corned beef, sauerkraut, Swiss cheese, and thousand island dressing on a rye bun.",2023-09-24,141,Takeaway
"Улица Шевченко, 85а",Drinks,XP Soda,A range of sodas in multiple epic flavors.,2022-04-23,169,Dining
"Мамыр-4 микрорайон, 197",Burgers,Avatar Avocado,A chicken burger with creamy avocado spread and sun-dried tomato mayo.,2021-12-14,94,Online
"Улица Шевченко, 85а",Sides,Quantum Fries,Seasoned fries with a secret spice blend.,2023-07-25,30,Online
"Микрорайон Аксай 2, 8а",Burgers,Next Level Veggie,"A plant-based patty with grilled eggplant, zucchini, goat cheese, and green herb sauce.",2023-07-20,8,Dining
"Мамыр-4 микрорайон, 197",Drinks,Health Potion Smoothie,A blend of red fruits with a secret energy mix.,2022-04-16,139,Takeaway
"Улица Минина, 14/1",Drinks,Health Potion Smoothie,A blend of red fruits with a secret energy mix.,2023-04-11,21,Takeaway
"Микрорайон Аксай 2, 8а",Drinks,Mana Milkshake,A blueberry milkshake that restores your energy.,2023-07-21,17,Online
"Мамыр-4 микрорайон, 197",Desserts,Save Point Sundae,"Ice cream, hot fudge, and sprinkles with a cherry on top.",2022-06-22,10,Dining
"Микрорайон Аксай 2, 8а",Burgers,Stealth Mode Mushroom,A grilled portobello cap with smoked gouda and garlic aioli.,2023-04-17,83,Takeaway
"Микрорайон Аксай 2, 8а",Desserts,Save Point Sundae,"Ice cream, hot fudge, and sprinkles with a cherry on top.",2022-01-10,47,Takeaway
"Улица Шевченко, 85а",Drinks,XP Soda,A range of sodas in multiple epic flavors.,2023-05-29,39,Online
"Мамыр-4 микрорайон, 197",Desserts,Cheat Code Cookies,Cookies with chocolate chips and candies.,2021-11-02,157,Online
"Улица Минина, 14/1",Sides,Quantum Fries,Seasoned fries with a secret spice blend.,2023-07-17,128,Takeaway
"Улица Шевченко, 85а",Desserts,Cheat Code Cookies,Cookies with chocolate chips and candies.,2023-05-31,157,Dining
"Микрорайон Аксай 2, 8а",Desserts,Cheat Code Cookies,Cookies with chocolate chips and candies.,2022-07-09,51,Dining
"ТРК MEGA Park Улица Макатаева, 127/1 3 этаж",Sides,Quantum Fries,Seasoned fries with a secret spice blend.,2022-09-28,61,Takeaway
"ТРК MEGA Park Улица Макатаева, 127/1 3 этаж",Sides,Quantum Fries,Seasoned fries with a secret spice blend.,2022-05-02,179,Takeaway
"Мамыр-4 микрорайон, 197",Desserts,Power Pellet Pops,Fruit-infused ice pops.,2023-08-07,114,Online
"Мамыр-4 микрорайон, 197",Burgers,Pixel Pepperjack,"A spicy beef burger with pepperjack cheese, jalapeños, and pixelated salsa.",2022-12-08,178,Online
"Микрорайон Аксай 2, 8а",Drinks,Health Potion Smoothie,A blend of red fruits with a secret energy mix.,2023-05-12,118,Online
"Улица Шевченко, 85а",Drinks,Mana Milkshake,A blueberry milkshake that restores your energy.,2023-10-07,118,Dining
"Микрорайон Аксай 2, 8а",Sides,Black Hole Fries,Fries with a dark garlic truffle sauce.,2023-04-09,18,Dining
"Улица Минина, 14/1",Sides,Cosmic Rings,Onion rings with cosmic seasoning and intergalactic sauce.,2022-01-17,174,Dining
"ТРК MEGA Park Улица Макатаева, 127/1 3 этаж",Drinks,XP Soda,A range of sodas in multiple epic flavors.,2023-08-31,71,Dining
"Микрорайон Аксай 2, 8а",Sides,Power-Up Fries,Seasoned fries with power-up dips.,2022-08-03,104,Takeaway
"Улица Шевченко, 85а",Burgers,Retro Reuben,"Corned beef, sauerkraut, Swiss cheese, and thousand island dressing on a rye bun.",2023-04-20,39,Dining
"ТРК MEGA Park Улица Макатаева, 127/1 3 этаж",Sides,Power-Up Fries,Seasoned fries with power-up dips.,2021-12-20,176,Takeaway
"Улица Шевченко, 85а",Burgers,Next Level Veggie,"A plant-based patty with grilled eggplant, zucchini, goat cheese, and green herb sauce.",2023-08-10,173,Takeaway
"Улица Минина, 14/1",Desserts,Cheat Code Cookies,Cookies with chocolate chips and candies.,2022-02-03,37,Takeaway
"Мамыр-4 микрорайон, 197",Sides,Black Hole Fries,Fries with a dark garlic truffle sauce.,2023-07-11,159,Dining
"Улица Шевченко, 85а",Desserts,Cheat Code Cookies,Cookies with chocolate chips and candies.,2023-09-26,176,Takeaway
"Микрорайон Аксай 2, 8а",Desserts,Cheat Code Cookies,Cookies with chocolate chips and candies.,2021-11-10,8,Dining
"Микрорайон Аксай 2, 8а",Burgers,Next Level Veggie,"A plant-based patty with grilled eggplant, zucchini, goat cheese, and green herb sauce.",2021-11-12,20,Dining
"Улица Минина, 14/1",Sides,Black Hole Fries,Fries with a dark garlic truffle sauce.,2023-10-18,30,Takeaway
"ТРК MEGA Park Улица Макатаева, 127/1 3 этаж",Desserts,Power Pellet Pops,Fruit-infused ice pops.,2021-12-04,199,Dining
"Улица Шевченко, 85а",Desserts,Power Pellet Pops,Fruit-infused ice pops.,2022-07-11,117,Online
"Улица Шевченко, 85а",Drinks,XP Soda,A range of sodas in multiple epic flavors.,2022-03-29,98,Takeaway
"ТРК MEGA Park Улица Макатаева, 127/1 3 этаж",Sides,Black Hole Fries,Fries with a dark garlic truffle sauce.,2022-12-22,87,Dining
"Микрорайон Аксай 2, 8а",Sides,Power-Up Fries,Seasoned fries with power-up dips.,2023-07-08,13,Dining
"Микрорайон Аксай 2, 8а",Desserts,Save Point Sundae,"Ice cream, hot fudge, and sprinkles with a cherry on top.",2022-11-03,191,Dining
"Мамыр-4 микрорайон, 197",Sides,Byte-Size Tots,Crispy tater tots with cheat-code cheese sauce.,2022-10-16,93,Takeaway
"ТРК MEGA Park Улица Макатаева, 127/1 3 этаж",Sides,Byte-Size Tots,Crispy tater tots with cheat-code cheese sauce.,2023-10-18,33,Online
"Мамыр-4 микрорайон, 197",Desserts,Save Point Sundae,"Ice cream, hot fudge, and sprinkles with a cherry on top.",2023-07-04,129,Dining
"Микрорайон Аксай 2, 8а",Desserts,Save Point Sundae,"Ice cream, hot fudge, and sprinkles with a cherry on top.",2023-05-28,20,Dining
"Микрорайон Аксай 2, 8а",Burgers,Next Level Veggie,"A plant-based patty with grilled eggplant, zucchini, goat cheese, and green herb sauce.",2023-05-23,123,Takeaway
"Микрорайон Аксай 2, 8а",Desserts,Save Point Sundae,"Ice cream, hot fudge, and sprinkles with a cherry on top.",2023-03-01,33,Dining
"Мамыр-4 микрорайон, 197",Burgers,Retro Reuben,"Corned beef, sauerkraut, Swiss cheese, and thousand island dressing on a rye bun.",2022-04-12,188,Dining
"ТРК MEGA Park Улица Макатаева, 127/1 3 этаж",Desserts,Power Pellet Pops,Fruit-infused ice pops.,2022-07-30,111,Online
"Микрорайон Аксай 2, 8а",Sides,Cosmic Rings,Onion rings with cosmic seasoning and intergalactic sauce.,2022-03-16,189,Dining
"ТРК MEGA Park Улица Макатаева, 127/1 3 этаж",Desserts,Save Point Sundae,"Ice cream, hot fudge, and sprinkles with a cherry on top.",2023-05-11,23,Online
"Улица Шевченко, 85а",Drinks,XP Soda,A range of sodas in multiple epic flavors.,2023-03-03,12,Takeaway
"Мамыр-4 микрорайон, 197",Desserts,Save Point Sundae,"Ice cream, hot fudge, and sprinkles with a cherry on top.",2022-10-16,12,Online
"ТРК MEGA Park Улица Макатаева, 127/1 3 этаж",Desserts,Save Point Sundae,"Ice cream, hot fudge, and sprinkles with a cherry on top.",2023-05-16,38,Takeaway
"Мамыр-4 микрорайон, 197",Sides,Supernova Sweet Potato Fries,Sweet and spicy sweet potato fries with starlight mayo.,2023-05-21,68,Online
"Микрорайон Аксай 2, 8а",Sides,Cosmic Rings,Onion rings with cosmic seasoning and intergalactic sauce.,2022-03-27,164,Online
"Микрорайон Аксай 2, 8а",Burgers,Retro Reuben,"Corned beef, sauerkraut, Swiss cheese, and thousand island dressing on a rye bun.",2022-01-22,92,Takeaway
"Микрорайон Аксай 2, 8а",Sides,Black Hole Fries,Fries with a dark garlic truffle sauce.,2023-06-24,168,Online
"Улица Шевченко, 85а",Sides,Quantum Fries,Seasoned fries with a secret spice blend.,2022-05-11,46,Online
"Мамыр-4 микрорайон, 197",Drinks,Mana Milkshake,A blueberry milkshake that restores your energy.,2022-05-20,158,Takeaway
"Улица Минина, 14/1",Drinks,XP Soda,A range of sodas in multiple epic flavors.,2021-11-13,149,Takeaway
"ТРК MEGA Park Улица Макатаева, 127/1 3 этаж",Desserts,Save Point Sundae,"Ice cream, hot fudge, and sprinkles with a cherry on top.",2023-03-12,143,Online
"Микрорайон Аксай 2, 8а",Desserts,Save Point Sundae,"Ice cream, hot fudge, and sprinkles with a cherry on top.",2023-07-10,160,Dining
"Улица Шевченко, 85а",Drinks,Health Potion Smoothie,A blend of red fruits with a secret energy mix.,2022-04-09,69,Online
"Улица Шевченко, 85а",Burgers,Epic Stack,"A double beef patty with epic layers of crispy bacon, melted cheddar, and our secret Epic Sauce.",2023-02-10,98,Online
"Улица Минина, 14/1",Sides,Byte-Size Tots,Crispy tater tots with cheat-code cheese sauce.,2022-01-22,51,Takeaway
"Мамыр-4 микрорайон, 197",Sides,Quantum Fries,Seasoned fries with a secret spice blend.,2022-08-31,112,Online
"Улица Шевченко, 85а",Desserts,Power Pellet Pops,Fruit-infused ice pops.,2023-02-08,84,Takeaway
"Мамыр-4 микрорайон, 197",Sides,Black Hole Fries,Fries with a dark garlic truffle sauce.,2023-08-11,175,Online
"Мамыр-4 микрорайон, 197",Drinks,Mana Milkshake,A blueberry milkshake that restores your energy.,2023-08-20,55,Online
"Мамыр-4 микрорайон, 197",Desserts,Cheat Code Cookies,Cookies with chocolate chips and candies.,2021-12-25,131,Online
"Улица Минина, 14/1",Drinks,Health Potion Smoothie,A blend of red fruits with a secret energy mix.,2022-09-13,2,Dining
"ТРК MEGA Park Улица Макатаева, 127/1 3 этаж",Sides,Supernova Sweet Potato Fries,Sweet and spicy sweet potato fries with starlight mayo.,2022-07-09,100,Dining
"Мамыр-4 микрорайон, 197",Sides,Black Hole Fries,Fries with a dark garlic truffle sauce.,2023-06-20,195,Online
"Улица Шевченко, 85а",Drinks,XP Soda,A range of sodas in multiple epic flavors.,2023-09-09,91,Online
"Мамыр-4 микрорайон, 197",Drinks,XP Soda,A range of sodas in multiple epic flavors.,2021-11-25,98,Dining
"Микрорайон Аксай 2, 8а",Burgers,Next Level Veggie,"A plant-based patty with grilled eggplant, zucchini, goat cheese, and green herb sauce.",2023-08-24,180,Online
"Улица Шевченко, 85а",Desserts,Cheat Code Cookies,Cookies with chocolate chips and candies.,2022-01-13,60,Online
"Улица Шевченко, 85а",Drinks,Health Potion Smoothie,A blend of red fruits with a secret energy mix.,2023-01-11,11,Online
"Улица Шевченко, 85а",Burgers,Epic Stack,"A double beef patty with epic layers of crispy bacon, melted cheddar, and our secret Epic Sauce.",2022-04-18,125,Takeaway
"Мамыр-4 микрорайон, 197",Drinks,Health Potion Smoothie,A blend of red fruits with a secret energy mix.,2021-11-17,20,Online
"ТРК MEGA Park Улица Макатаева, 127/1 3 этаж",Sides,Byte-Size Tots,Crispy tater tots with cheat-code cheese sauce.,2022-07-08,179,Dining
"Мамыр-4 микрорайон, 197",Burgers,Retro Reuben,"Corned beef, sauerkraut, Swiss cheese, and thousand island dressing on a rye bun.",2022-04-15,113,Online
"Улица Шевченко, 85а",Burgers,Avatar Avocado,A chicken burger with creamy avocado spread and sun-dried tomato mayo.,2022-06-01,146,Takeaway
"Улица Минина, 14/1",Desserts,Save Point Sundae,"Ice cream, hot fudge, and sprinkles with a cherry on top.",2023-08-28,128,Takeaway
"Мамыр-4 микрорайон, 197",Burgers,Retro Reuben,"Corned beef, sauerkraut, Swiss cheese, and thousand island dressing on a rye bun.",2023-07-06,128,Dining
"Улица Шевченко, 85а",Desserts,Save Point Sundae,"Ice cream, hot fudge, and sprinkles with a cherry on top.",2022-05-11,79,Dining
"Мамыр-4 микрорайон, 197",Burgers,Next Level Veggie,"A plant-based patty with grilled eggplant, zucchini, goat cheese, and green herb sauce.",2022-11-02,112,Dining
"ТРК MEGA Park Улица Макатаева, 127/1 3 этаж",Drinks,Mana Milkshake,A blueberry milkshake that restores your energy.,2023-05-12,149,Dining
"Микрорайон Аксай 2, 8а",Sides,Black Hole Fries,Fries with a dark garlic truffle sauce.,2022-11-09,166,Online
"Улица Минина, 14/1",Desserts,Save Point Sundae,"Ice cream, hot fudge, and sprinkles with a cherry on top.",2022-02-05,42,Takeaway
"Улица Минина, 14/1",Desserts,Save Point Sundae,"Ice cream, hot fudge, and sprinkles with a cherry on top.",2023-07-07,164,Takeaway
"Мамыр-4 микрорайон, 197",Desserts,Cheat Code Cookies,Cookies with chocolate chips and candies.,2023-09-28,189,Dining
"Мамыр-4 микрорайон, 197",Sides,Supernova Sweet Potato Fries,Sweet and spicy sweet potato fries with starlight mayo.,2023-06-05,147,Takeaway
"ТРК MEGA Park Улица Макатаева, 127/1 3 этаж",Burgers,Avatar Avocado,A chicken burger with creamy avocado spread and sun-dried tomato mayo.,2022-04-27,153,Dining
"Мамыр-4 микрорайон, 197",Sides,Power-Up Fries,Seasoned fries with power-up dips.,2023-10-10,197,Dining
"Микрорайон Аксай 2, 8а",Burgers,Next Level Veggie,"A plant-based patty with grilled eggplant, zucchini, goat cheese, and green herb sauce.",2022-05-24,135,Dining
"Мамыр-4 микрорайон, 197",Desserts,Cheat Code Cookies,Cookies with chocolate chips and candies.,2022-04-04,197,Online
"Улица Минина, 14/1",Drinks,Health Potion Smoothie,A blend of red fruits with a secret energy mix.,2023-04-14,113,Takeaway
"Микрорайон Аксай 2, 8а",Drinks,XP Soda,A range of sodas in multiple epic flavors.,2023-08-28,117,Dining
"Микрорайон Аксай 2, 8а",Sides,Power-Up Fries,Seasoned fries with power-up dips.,2023-08-09,3,Takeaway
"Улица Минина, 14/1",Sides,Byte-Size Tots,Crispy tater tots with cheat-code cheese sauce.,2022-01-15,166,Dining
"ТРК MEGA Park Улица Макатаева, 127/1 3 этаж",Drinks,Health Potion Smoothie,A blend of red fruits with a secret energy mix.,2022-06-17,88,Online
"Мамыр-4 микрорайон, 197",Burgers,Pixel Pepperjack,"A spicy beef burger with pepperjack cheese, jalapeños, and pixelated salsa.",2022-08-07,138,Dining
"Мамыр-4 микрорайон, 197",Desserts,Save Point Sundae,"Ice cream, hot fudge, and sprinkles with a cherry on top.",2021-11-11,33,Online
"Улица Минина, 14/1",Burgers,Pixel Pepperjack,"A spicy beef burger with pepperjack cheese, jalapeños, and pixelated salsa.",2022-02-01,198,Online
"ТРК MEGA Park Улица Макатаева, 127/1 3 этаж",Burgers,Pixel Pepperjack,"A spicy beef burger with pepperjack cheese, jalapeños, and pixelated salsa.",2023-04-19,40,Online
"Улица Шевченко, 85а",Desserts,Save Point Sundae,"Ice cream, hot fudge, and sprinkles with a cherry on top.",2022-02-24,191,Dining
"ТРК MEGA Park Улица Макатаева, 127/1 3 этаж",Burgers,Pixel Pepperjack,"A spicy beef burger with pepperjack cheese, jalapeños, and pixelated salsa.",2022-05-26,173,Dining
"Микрорайон Аксай 2, 8а",Burgers,Next Level Veggie,"A plant-based patty with grilled eggplant, zucchini, goat cheese, and green herb sauce.",2023-04-07,127,Takeaway
"Микрорайон Аксай 2, 8а",Drinks,Health Potion Smoothie,A blend of red fruits with a secret energy mix.,2022-01-17,117,Takeaway
"Мамыр-4 микрорайон, 197",Sides,Black Hole Fries,Fries with a dark garlic truffle sauce.,2022-02-20,67,Dining
"Микрорайон Аксай 2, 8а",Burgers,Next Level Veggie,"A plant-based patty with grilled eggplant, zucchini, goat cheese, and green herb sauce.",2022-11-19,130,Online
"Улица Шевченко, 85а",Burgers,Epic Stack,"A double beef patty with epic layers of crispy bacon, melted cheddar, and our secret Epic Sauce.",2022-07-20,126,Dining
"ТРК MEGA Park Улица Макатаева, 127/1 3 этаж",Drinks,XP Soda,A range of sodas in multiple epic flavors.,2022-10-23,100,Takeaway
"Улица Шевченко, 85а",Desserts,Save Point Sundae,"Ice cream, hot fudge, and sprinkles with a cherry on top.",2022-02-14,200,Takeaway
"Улица Шевченко, 85а",Burgers,Next Level Veggie,"A plant-based patty with grilled eggplant, zucchini, goat cheese, and green herb sauce.",2023-01-30,158,Dining
"Улица Минина, 14/1",Sides,Quantum Fries,Seasoned fries with a secret spice blend.,2023-09-26,189,Online
"Мамыр-4 микрорайон, 197",Sides,Cosmic Rings,Onion rings with cosmic seasoning and intergalactic sauce.,2023-01-17,108,Dining
"Микрорайон Аксай 2, 8а",Sides,Byte-Size Tots,Crispy tater tots with cheat-code cheese sauce.,2023-07-14,7,Dining
"Мамыр-4 микрорайон, 197",Desserts,Save Point Sundae,"Ice cream, hot fudge, and sprinkles with a cherry on top.",2022-02-13,171,Takeaway
"Улица Минина, 14/1",Desserts,Power Pellet Pops,Fruit-infused ice pops.,2023-02-26,163,Online
"ТРК MEGA Park Улица Макатаева, 127/1 3 этаж",Burgers,Next Level Veggie,"A plant-based patty with grilled eggplant, zucchini, goat cheese, and green herb sauce.",2022-12-01,9,Online
"Микрорайон Аксай 2, 8а",Drinks,Health Potion Smoothie,A blend of red fruits with a secret energy mix.,2022-09-28,66,Dining
"Улица Шевченко, 85а",Sides,Power-Up Fries,Seasoned fries with power-up dips.,2022-03-02,63,Takeaway
"Улица Шевченко, 85а",Desserts,Power Pellet Pops,Fruit-infused ice pops.,2023-01-04,173,Takeaway
"Мамыр-4 микрорайон, 197",Desserts,Cheat Code Cookies,Cookies with chocolate chips and candies.,2022-02-15,157,Takeaway
"ТРК MEGA Park Улица Макатаева, 127/1 3 этаж",Sides,Byte-Size Tots,Crispy tater tots with cheat-code cheese sauce.,2023-05-23,116,Online
"Мамыр-4 микрорайон, 197",Burgers,Stealth Mode Mushroom,A grilled portobello cap with smoked gouda and garlic aioli.,2023-02-27,177,Online
"Улица Шевченко, 85а",Burgers,Epic Stack,"A double beef patty with epic layers of crispy bacon, melted cheddar, and our secret Epic Sauce.",2022-02-04,3,Takeaway
"Микрорайон Аксай 2, 8а",Desserts,Cheat Code Cookies,Cookies with chocolate chips and candies.,2022-12-02,113,Dining
"Улица Минина, 14/1",Sides,Quantum Fries,Seasoned fries with a secret spice blend.,2023-07-05,116,Dining
"Улица Шевченко, 85а",Burgers,Epic Stack,"A double beef patty with epic layers of crispy bacon, melted cheddar, and our secret Epic Sauce.",2023-07-03,16,Online
"Улица Шевченко, 85а",Drinks,Health Potion Smoothie,A blend of red fruits with a secret energy mix.,2023-04-27,72,Online
"ТРК MEGA Park Улица Макатаева, 127/1 3 этаж",Desserts,Power Pellet Pops,Fruit-infused ice pops.,2022-01-26,141,Dining
"ТРК MEGA Park Улица Макатаева, 127/1 3 этаж",Desserts,Save Point Sundae,"Ice cream, hot fudge, and sprinkles with a cherry on top.",2023-06-09,2,Takeaway
"Улица Минина, 14/1",Sides,Quantum Fries,Seasoned fries with a secret spice blend.,2022-01-29,107,Online
"ТРК MEGA Park Улица Макатаева, 127/1 3 этаж",Sides,Supernova Sweet Potato Fries,Sweet and spicy sweet potato fries with starlight mayo.,2022-12-14,134,Takeaway
"Улица Шевченко, 85а",Burgers,Retro Reuben,"Corned beef, sauerkraut, Swiss cheese, and thousand island dressing on a rye bun.",2023-04-09,175,Dining
